date,11시강수확률,11시최고기온,11시최저기온,11시 하늘 상태,14시강수확률,14시최고기온,14시최저기온,14시 하늘 상태,일누적 자외선 A(MJ/m2),일최대 자외선 B(W/m2 ),평균 오존전량(DU),미세먼지_10,미세먼지_11,미세먼지_12,미세먼지_13,미세먼지_14,운량_10,운량_11,운량_12,운량_13,운량_14,하루평균 미세먼지량,하루누적 미세먼지량,총자외선지수 일최고값
2012-08-01,10,34.200001,25.299999,2,10,34.200001,26.200001,2,1.18,0.229,4.729045585,37,41,40,41,43,1,1,5,3,3,122.2,611,10.5
2012-08-02,20,35.099998,26.200001,3,20,35.099998,26.1,2,1.13,0.348,4.712282676,18,15,18,13,15,5,6,6,6,7,53.2,266,15.3
2012-08-03,10,35.200001,25.200001,2,10,35.200001,25.200001,2,1.16,0.259,4.729045585,13,13,10,12,17,2,5,4,5,5,79.2,396,11.8
2012-08-04,0,35.5,25.200001,1,0,35.5,25.200001,1,1.43,0.237,4.73742704,18,13,14,21,27,0,1,2,2,2,50.2,251,10.9
2012-08-05,10,35.200001,25.1,2,10,35.200001,25.1,2,1.44,0.244,4.749999222,23,27,17,16,20,0,0,0,1,1,39.2,196,11.2
2012-08-06,10,34.200001,25.1,2,10,34.200001,25.1,2,1.38,0.232,4.775143585,26,16,27,30,32,0,0,1,2,3,38.4,192,10.6
2012-08-07,10,34.200001,24.200001,2,10,34.200001,24.299999,3,1.29,0.212,4.716473403,24,18,28,30,25,0,1,5,4,4,53.8,269,9.8
2012-08-08,20,33.099998,24.200001,3,20,33.099998,24.200001,3,1.18,0.194,4.729045585,19,13,23,25,27,7,7,8,8,8,28.8,144,9
2012-08-09,20,30,24.1,3,20,30,24.1,4,0.82,0.225,4.758380676,43,30,43,40,31,8,10,7,7,7,52,260,10.4
2012-08-10,30,31.1,23,3,20,31.1,23,3,0.38,0.159,4.749999222,17,15,13,11,10,10,10,10,10,10,16.2,81,7.2
2012-08-11,20,28.1,24.200001,3,20,28.1,23.299999,3,1.27,0.252,4.758380676,17,24,19,24,27,4,6,6,6,8,41.4,207,11.6
2012-08-12,20,27.200001,24.200001,4,90,27.200001,24.200001,4,0.2,0.096,4.741617767,13,9,4,8,4,10,10,10,10,10,23.6,118,4.4
2012-08-13,90,29.200001,23.1,3,20,29.200001,22.299999,3,0.87,0.179,4.749999222,9,13,13,11,18,10,10,10,10,9,14.8,74,8.2
2012-08-14,20,27.1,24.200001,4,70,27.1,24.200001,4,0.95,0.21,4.766762131,14,12,9,12,15,7,7,7,7,7,22,110,9.5
2012-08-16,70,30.1,23.1,4,30,30.1,23.1,4,0.67,0.22,4.749999222,20,16,20,21,24,10,10,10,10,10,23.6,118,9.8
2012-08-17,60,31,24.299999,3,20,31,24.200001,3,1.23,0.247,4.762571404,21,17,14,19,21,5,4,5,4,3,37.8,189,11.4
2012-08-18,20,31,24.299999,4,30,31,24.299999,4,1.1,0.284,4.762571404,19,16,21,11,18,8,7,7,7,8,31.2,156,12.9
2012-08-19,30,28.299999,25.200001,4,30,28.299999,25.200001,4,0.91,0.261,4.775143585,10,12,10,14,14,8,8,8,7,7,53.8,269,11.9
2012-08-20,80,28.1,24.299999,4,80,28.1,24.299999,4,0.24,0.086,4.791906495,28,10,7,14,16,10,10,10,10,10,25.8,129,3.7
2012-08-21,90,27.1,22.299999,4,60,26.1,22.299999,4,0.75,0.141,4.779334313,7,12,11,17,16,10,9,9,9,8,13.20296267,66.01481337,6.4
2012-08-22,70,27.200001,21.1,3,20,27.200001,20.200001,4,0.45,0.137,4.779334313,13,12,9,5,11,10,10,10,10,10,11.6,58,6.1
2012-08-23,30,27.200001,21.5,3,20,27.200001,21.299999,4,0.7,0.215,4.812860131,36,31,28,17,16,10,10,10,10,10,47.8,239,9.7
2012-08-24,30,30.200001,23.200001,4,70,30.200001,23.1,4,0.47,0.108,4.817050858,8,8,8,7,7,10,10,10,10,10,52.8,264,5
2012-08-25,70,31.5,23.299999,3,20,31.5,23.299999,3,0.84,0.246,4.82962304,27,33,31,34,36,8,7,6,6,8,37.2,186,11.1
2012-08-26,20,31.1,24.200001,2,10,31.1,24.200001,2,1.23,0.248,4.817050858,32,29,33,34,29,6,6,6,6,6,33.6,168,11.3
2012-08-27,10,27.4,24.1,4,30,27.4,25.1,4,0.84,0.19,4.808669404,21,17,16,19,18,8,10,10,10,9,34,170,8.7
2012-08-28,30,29.1,24.200001,4,60,29.1,23.200001,4,0.19,0.062,4.846385949,12,13,52,173,110,10,10,10,10,10,35,175,3
2012-08-29,60,25.200001,23.200001,4,60,25.200001,23.1,4,0.76,0.187,4.82962304,49,56,59,61,61,8,8,8,7,6,27.6,138,8.5
2012-08-30,60,25.299999,18.299999,4,55,25.299999,18.299999,3,0.2,0.061,4.821241586,30,22,17,11,11,10,10,10,10,10,15.8,79,2.8
2012-08-31,20,28.200001,19.299999,2,10,28.200001,19.299999,3,0.95,0.192,4.833813767,28,34,39,33,28,0,0,0,2,3,14.8,74,8.9
2012-09-01,20,28,20,3,20,28,20,3,0.91,0.175,4.833813767,70,71,73,69,64,7,7,5,4,4,70.2,351,8.5
2012-09-02,20,27.4,19.299999,3,20,27.4,20.299999,2,0.89,0.194,4.812860131,89,87,78,81,101,8,7,9,8,7,17.8,89,8.9
2012-09-03,10,27,20.299999,3,20,26.1,20.299999,3,1.1,0.193,4.821241586,73,68,68,46,53,0,3,3,3,4,134.8,674,9
2012-09-04,20,25.200001,20.200001,4,60,25.200001,20.200001,4,0.26,0.061,4.82962304,18,9,9,10,4,10,10,7,10,10,41,205,2.8
2012-09-05,60,27.200001,15.2,1,0,27.200001,14.2,1,1.18,0.206,4.82962304,21,26,19,17,15,6,6,4,4,3,46.6,233,9.5
2012-09-06,0,27.299999,15.5,2,10,27.299999,15.5,2,1.08,0.195,4.838004495,49,45,40,33,27,2,2,2,3,3,114.8,574,9
2012-09-07,10,25.200001,19.4,4,70,25.200001,19.4,4,0.85,0.177,4.858958131,43,37,47,33,41,4,4,4,5,6,50.8,254,8.3
2012-09-08,80,25.200001,18.1,4,30,25.200001,17.299999,4,0.89,0.21,4.842195222,17,13,16,14,14,8,8,7,5,3,40.4,202,9.7
2012-09-09,30,27.299999,16.299999,3,10,27.299999,16.299999,2,0.64,0.125,4.825432313,15,21,10,15,18,10,10,10,10,10,54.6,273,5.7
2012-09-10,10,27.200001,16.299999,1,0,27.200001,16.299999,1,0.99,0.189,4.825432313,43,41,38,31,34,1,2,3,3,3,37.2,186,8.5
2012-09-11,0,26.1,18.1,3,20,26.1,18.200001,3,0.84,0.192,4.82962304,28,37,42,37,36,1,4,5,5,7,58.2,291,8.9
2012-09-12,20,22.200001,19.200001,4,30,22.200001,19.200001,4,0.61,0.2,4.838004495,27,30,36,37,34,10,10,8,6,9,43.2,216,9.2
2012-09-13,30,24.200001,17.299999,4,60,24.200001,17.299999,4,0.15,0.026,4.82962304,12,16,14,11,14,10,10,10,10,10,23.8,119,1.2
2012-09-14,29,22.1,17,4,30,22.1,17,4,0.56,0.167,4.842195222,19,16,25,29,23,10,10,10,9,8,33.6,168,7.8
2012-09-15,30,22.200001,17.1,4,30,22.200001,17.1,4,0.77,0.155,4.842195222,28,39,44,37,38,8,8,8,9,9,50.8,254,7.2
2012-09-16,30,21.200001,19.200001,4,80,21.200001,18.200001,4,0.42,0.084,4.800287949,17,18,26,19,13,10,10,10,10,10,54.2,271,3.9
2012-09-17,80,23.200001,17.299999,4,30,23.200001,17.299999,3,0.13,0.04,4.825432313,9,4.825432313,7,4.825432313,4.825432313,10,10,10,10,10,36.2,181,1.8
2012-09-18,20,24.1,15.4,3,20,24.1,15.4,3,1.01,0.18,4.812860131,53,55,50,44,47,6,4,6,6,6,32.8,164,8.8
2012-09-19,20,25.200001,14.3,2,10,25.200001,14.3,2,0.95,0.162,4.808669404,44,37,44,43,44,6,6,6,6,6,42.4,212,7.6
2012-09-20,10,24.299999,13.3,1,0,24.299999,13.3,2,0.91,0.167,4.863148858,37,34,35,31,29,4,3,3,3,2,31.8,159,7.8
2012-09-21,10,24.299999,14.1,2,20,24.299999,14.1,2,0.91,0.164,4.804478676,39,47,36,46,42,7,7,8,8,7,28,140,7.7
2012-09-22,10,25.200001,14.5,3,20,25.200001,13.5,2,0.88,0.164,4.846385949,32,28,28,36,33,3,3,3,2,3,79.2,396,7.7
2012-09-23,20,26.299999,14.3,1,0,26.299999,14.3,1,0.95,0.153,4.787715767,30,32,44,47,51,0,2,2,2,2,62.8,314,7.2
2012-09-24,0,26.200001,13.5,1,0,26.200001,13.5,1,0.8,0.154,4.787715767,39,37,30,33,41,0,0,0,1,0,49.4,247,7.2
2012-09-25,0,26.200001,14.2,1,0,26.200001,14.2,2,1,0.172,4.787715767,18,19,18,21,20,0,0,0,0,0,45.4,227,8
2012-09-26,10,24.299999,15.3,3,20,24.299999,15.3,3,0.77,0.186,4.804478676,20,15,17,19,21,6,7,8,7,8,34.8,174,8.6
2012-09-27,20,22.1,14.5,2,10,22.1,14.5,3,0.41,0.11,4.779334313,22,19,19,26,26,8,8,8,8,7,41,205,5.2
2012-09-28,20,21.200001,13.4,3,20,21.200001,13.4,3,0.57,0.143,4.779334313,29,28,22,23,25,4,3,8,5,9,38.8,194,6.6
2012-09-29,20,20.299999,13.5,2,10,20.299999,10.4,1,0.97,0.167,4.779334313,25,26,23,31,34,8,8,6,5,4,27.8,139,8.1
2012-09-30,0,22.1,12.3,2,20,22.1,12.3,3,0.79,0.167,4.78352504,21,14,19,15,17,5,8,7,5,4,20.4,102,7.8
2013-05-01,10,19,6.2,2,10,19,6.2,2,1.25,0.171,401,58,47,52,47,42,0,0,1,0,3,80.4,402,8.1
2013-05-02,10,18,6.2,2,10,18,6.2,2,1.17,0.171,388.2,50,48,34,42,36,2,2,1,2,5,48.4,242,8
2013-05-03,20,18.799999,5.4,3,10,18.799999,5.4,2,0.75,0.108,409.9,44,39,43,44,45,3,4,7,7,7,58,290,5.2
2013-05-04,0,19.9,6.2,1,0,19.9,6,1,1.02,0.162,405.9,34,29,33,32,37,0,1,2,3,2,22.6,113,7.6
2013-05-05,0,20.799999,7.2,1,0,20.799999,7.1,1,0.92,0.148,379.6,51,43,37,36,40,0,0,0,0,0,35.8,179,6.9
2013-05-07,0,24.4,9.4,1,0,24.4,9.4,1,1.04,0.151,351.4,42,43,40,47,37,2,0,2,2,0,25.6,128,7.1
2013-05-08,20,21.200001,11.2,3,20,21.200001,11.2,3,1.22,0.188,341.5,19,21,43,43,49,3,3,3,3,3,155.8,779,8.7
2013-05-09,80,17.1,13.9,4,90,17.1,13.9,4,0.41,0.099,318.2,58,50,57,60,54,10,10,10,10,10,149,745,4.6
2013-05-10,10,23.200001,11,2,10,23.200001,10.1,2,0.41,0.142,308.8,5,13,23,18,16,10,10,10,10,10,77,385,6.4
2013-05-13,0,23.700001,14.2,1,10,23.700001,13.3,2,1.13,0.193,364.2,63,70,97,56,65,0,0,0,0,0,62.6,313,9
2013-05-14,20,21.1,14,3,56,21.1,14,4,1.32,0.218,339.5,52,52,49,51,50,6,5,5,6,5,45.4,227,10.1
2013-05-15,10,27.299999,13.4,2,0,27.299999,13.2,1,1.01,0.229,327.5,29,31,47,30,19,10,10,8,5,6,73.8,369,10.5
2013-05-16,0,25.1,13.1,1,0,25.1,13.1,1,1.38,0.23,320.7,33,22,26,27,24,0,0,0,0,0,24.2,121,10.5
2013-05-17,10,22.4,13.1,2,20,22.4,13.1,3,1.42,0.267,309,16,16,17,15,19,5,5,6,5,2,98.4,492,12.2
2013-05-18,70,21.4,15.4,4,90,21.4,14.2,4,0.76,0.201,298.8,49,38,49,50,46,8,8,9,9,9,132,660,9.1
2013-05-19,20,20.1,12.3,3,30,20.1,10.9,4,0.86,0.203,333.3,4.796097222,6,16,25,26,10,10,10,10,10,10.6,53,9.4
2013-05-20,0,24.5,10.2,1,0,24.5,10.2,1,0.49,0.11,4.817050858,25,23,12,26,38,10,10,10,10,10,26.8,134,5.1
2013-05-21,0,23.6,13.3,1,0,23.6,13.2,1,1.4,0.225,360.1,49,47,34,40,55,0,0,0,0,0,28.2,141,10.3
2013-05-22,0,26.200001,13,1,0,26.200001,13.1,1,0.93,0.126,356.4,63,73,74,65,66,0,0,0,4,6,167.2,836,6
2013-05-23,10,26.1,13.1,2,10,26.1,13,2,1.36,0.229,336,42,44,78,40,33,0,0,0,0,0,27.4,137,10.5
2013-05-24,10,27.299999,14.2,2,20,27.299999,14.2,3,1.08,0.203,338.8,34,31,18,21,15,3,3,3,0,0,12.4,62,9.3
2013-05-25,10,25,16.200001,2,20,25,16.1,3,1.22,0.197,339,88,89,100,102,102,6,4,4,0,3,27.8,139,9.1
2013-05-26,30,21.200001,19.1,4,30,21.200001,19.200001,4,1,0.21,329.4,94,90,82,86,68,8,8,8,7,8,30.2,151,9.7
2013-05-27,90,22,19.200001,4,90,22,19.200001,4,0.22,0.045,4.842195222,39,35,23,28,22,10,10,10,10,10,29.4,147,2.1
2013-05-28,30,19.1,15.1,4,30,19.1,15,4,0.26,0.063,4.833813767,8,7,4,4.833813767,20,10,10,10,10,10,37.4,187,2.9
2013-05-30,0,24.200001,13.1,1,0,24.200001,13.1,1,1.26,0.259,308.5,66,70,82,80,145,4,5,4,3,0,42.6,213,11.7
2013-05-31,20,23.4,14.3,3,30,23.4,14.3,4,1.06,0.218,327,31,34,49,47,41,8,8,8,8,7,8.4,42,10.1
2013-06-01,0,26.6,13.3,1,0,26.6,13.3,1,0.96,0.166,322,61,72,84,83,83,10,9,9,9,9,46.8,234,7.8
2013-06-02,0,26.4,14,1,0,26.4,14,1,1.15,0.228,329.1,36,21,29,16,26,1,0,0,0,0,26,130,10.5
2013-06-03,0,27.299999,15.1,1,10,27.299999,15.1,2,1.05,0.19,358.5,32,43,41,29,37,0,0,0,0,0,15.88820396,79.4410198,8.8
2013-06-04,0,28.200001,15.3,1,0,28.200001,15.3,1,1.23,0.174,375,40,51,44,41,50,4,2,4,4,4,62.4,312,8.2
2013-06-05,10,28.200001,16.1,2,10,28.200001,16.1,2,1.02,0.155,368.1,47,69,64,47,35,0,0,0,0,0,34,170,7.4
2013-06-06,10,28.299999,16.299999,2,10,28.299999,16.299999,2,1.33,0.198,355.5,29,21,23,19,21,3,1,1,0,0,23.8,119,9.2
2013-06-07,0,30.299999,17.299999,1,0,30.4,17.299999,1,1.31,0.204,332,38,32,36,48,42,0,0,0,0,2,28.8,144,9.4
2013-06-08,20,31.200001,18.200001,3,20,31.200001,18.200001,3,0.89,0.155,311.3,36,40,40,40,41,8,8,8,8,8,29.2,146,7.1
2013-06-10,20,26.200001,20.200001,3,20,26.200001,20.200001,3,1.44,0.241,308.3,30,34,26,26,34,0,0,3,5,5,51,255,11
2013-06-11,70,22.299999,19,4,70,22.299999,18.1,4,0.54,0.191,298.6,23,25,26,28,21,10,10,10,10,10,23.8,119,8.6
2013-06-12,30,26.5,17.200001,4,30,26.5,17.200001,4,0.87,0.268,312.5,8,8,6,7,4,10,10,10,10,10,32,160,12.2
2013-06-13,20,27.200001,18.1,3,20,27.200001,18.200001,3,1.04,0.229,318,55,41,35,34,42,8,9,9,9,9,35,175,10.5
2013-06-14,10,28.4,18.200001,2,10,28.4,18.200001,2,1.25,0.214,318.6,59,56,55,39,39,9,8,8,8,8,43.6,218,9.8
2013-06-15,10,27.200001,18.1,2,10,27.200001,18.200001,2,1.26,0.247,321.1,36,39,34,19,14,8,8,8,6,5,29.8,149,11.3
2013-06-16,20,25,19.1,3,20,25,19,3,1.34,0.239,317.9,24,43,42,34,21,3,3,4,6,3,25.8,129,11
2013-06-17,60,23,20.1,4,80,22.799999,20.1,4,0.72,0.194,306,12,12,14,20,12,10,8,10,10,8,34.2,171,8.8
2013-06-18,80,27.200001,19.1,4,60,27.200001,19.1,4,0.08,0.013,4.804478676,11,11,9,5,8,10,10,10,10,10,42.4,212,0.6
2013-06-19,10,28.1,18.200001,2,20,28.1,18.200001,3,1.21,0.307,309.1,30,32,18,16,22,3,6,6,6,7,22.4,112,13.3
2013-06-20,20,30.1,20,3,20,30.1,20,3,1.26,0.252,307.9,43,42,42,47,40,6,7,7,4,3,18.6,93,11.5
2013-06-21,20,28,19.1,3,20,28,19.1,3,1.07,0.221,302.9,24,28,37,41,39,8,10,10,9,9,33.6,168,10
2013-06-22,20,26.200001,19.1,3,30,26.200001,19.1,4,1.13,0.269,301.9,37,34,20,26,27,8,8,7,6,6,116.2,581,12.2
2013-06-23,20,27.200001,20.1,3,20,27.200001,19.200001,3,0.86,0.309,309.9,16,11,10,20,18,10,10,9,10,10,31.4,157,13.6
2013-06-24,20,27.299999,18.200001,3,20,27.200001,18.1,3,1.32,0.221,323.6,34,30,43,28,30,6,7,7,7,8,71.2,356,10.1
2013-06-25,30,28.299999,19.200001,4,30,28.299999,19.200001,4,0.88,0.178,320.8,27,34,27,29,29,8,8,9,9,10,54.4,272,8.2
2013-06-26,10,29,19.1,2,10,29,19.1,2,1.21,0.22,329.7,21,14,19,19,20,0,3,1,0,3,41,205,10.1
2013-06-27,20,30.299999,20.1,3,20,30.299999,20.1,3,1.19,0.209,315.6,32,26,35,34,36,4,6,5,6,7,62.2,311,9.6
2013-06-28,10,31.5,20.200001,2,10,31.5,20.200001,2,1.28,0.196,344.5,34,36,35,29,29,4,6,6,5,5,43.4,217,9.1
2013-06-29,10,31.200001,19.1,2,10,31.200001,19.1,2,1.34,0.198,340.8,23,25,22,20,29,0,1,1,1,1,45.8,229,9.2
2013-06-30,10,29.9,20.200001,2,10,29.9,20.200001,2,1.3,0.195,344.8,28,28,33,44,45,0,0,0,0,3,28.8,144,9.1
2013-07-01,30,25,22.200001,4,30,25,22.200001,4,1.25,0.226,323.5,40,34,33,33,33,7,6,6,6,6,22.6,113,10.4
2013-07-02,80,26.799999,21.1,4,60,26.799999,21.200001,4,0.53,0.137,293.6,23,29,19,24,28,10,10,10,10,10,55.6,278,6.2
2013-07-03,20,26.799999,22.1,3,30,26.799999,22.1,4,1.32,0.242,325.1,46,23,27,23,17,4,4,3,0,2,55,275,11
2013-07-04,80,27,22.1,4,90,27,22.1,4,0.29,0.063,4.82962304,24,30,26,27,27,10,10,10,10,10,49.8,249,2.9
2013-07-05,20,29.799999,21.1,3,20,29.799999,21,3,0.71,0.213,312.9,5,14,15,19,22,10,10,10,10,10,100.6,503,9.9
2013-07-06,20,26.9,21.1,3,20,26.9,21.200001,3,1.19,0.224,322.6,8,16,14,10,10,10,10,10,7,5,84.4,422,10.3
2013-07-07,80,27,22,4,60,27,23,4,0.43,0.103,318.2,24,27,18,4.82962304,6,10,10,10,10,10,97,485,4.8
2013-07-08,30,27.799999,22.1,4,30,27.799999,22.1,4,0.2,0.058,4.846385949,14,13,16,10,23,10,10,10,10,10,46.2,231,2.7
2013-07-09,30,27.9,23.1,4,30,27.9,23.1,4,0.9,0.22,296.7,16,22,14,14,25,10,10,8,7,6,35.2,176,10
2013-07-10,20,26.9,23.200001,3,20,26.9,23.1,3,0.77,0.196,295.7,16,17,19,34,22,8,8,8,8,8,28.8,144,8.9
2013-07-11,30,27.1,23.1,4,30,27.1,23.1,4,0.59,0.133,297,14,17,15,17,20,10,8,8,8,7,28.4,142,6.1
2013-07-12,60,26,22.1,4,60,26,22.1,4,0.35,0.06,257,26,33,33,37,47,10,10,10,10,10,30.2,151,2.7
2013-07-13,30,28.1,23.1,4,30,28.1,24,4,0.56,0.155,283.6,12,15,17,15,17,10,10,10,8,10,11.8,59,7
2013-07-14,30,27.200001,24.1,4,30,27.200001,24.1,4,0.52,0.104,287.2,19,18,26,17,11,10,10,10,10,10,16.4,82,4.7
2013-07-15,20,29,24.1,3,20,29,24.1,3,1.17,0.285,286.8,4.754189949,22,20,20,12,8,9,9,8,7,34,170,12.9
2013-07-16,60,28.1,24.1,4,90,28.1,24.1,4,0.92,0.262,292.9,24,25,26,21,25,5,3,3,3,6,19.8,99,12
2013-07-17,78,29.1,24.1,4,70,29.1,24.1,4,0.27,0.107,4.729045585,17,15,4.729045585,22,15,10,10,10,10,10,20.4,102,5
2013-07-18,20,30.9,24.200001,3,20,30.9,24.1,3,1.17,0.274,297,18,15,14,16,15,6,6,4,6,7,18.4,92,12.5
2013-07-19,20,30,24.1,3,20,30,24.200001,3,1.21,0.247,287,14,13,15,13,15,6,7,7,6,6,28.8,144,11.3
2013-07-20,20,29,25.1,3,20,29,25.1,3,1.07,0.234,284.6,17,9,17,20,21,6,7,5,6,7,29.6,148,10.7
2013-07-21,30,28.1,24.200001,4,30,28.1,24.1,4,0.62,0.173,271.8,21,15,16,26,28,10,9,9,9,10,46.4,232,7.6
2013-07-22,30,28.1,25.1,4,30,28.1,25.1,4,0.86,0.201,292.1,15,10,13,15,16,7,7,6,7,10,44.8,224,9.2
2013-07-23,30,28.9,24.200001,4,60,28.9,24.200001,4,0.31,0.079,4.73742704,11,22,24,29,33,10,10,10,10,10,44,220,3.6
2013-07-24,10,30,22.200001,2,10,30,22.200001,2,1.03,0.206,315.8,35,22,24,26,57,10,10,10,10,9,31,155,9.5
2013-07-25,10,30.799999,22.200001,2,10,30.799999,23.1,2,1.14,0.198,314.4,77,94,85,79,80,6,6,7,5,6,32.8,164,9.2
2013-07-26,10,30,23.200001,2,10,30,22.4,2,1.19,0.208,320.8,103,114,116,121,119,8,8,7,3,3,25,125,9.6
2013-07-27,80,29.1,24.1,4,80,29.1,24.1,4,0.85,0.142,304.4,73,65,68,89,92,8,6,10,9,10,31.2,156,6.5
2013-07-28,30,30.1,24.1,4,30,30.1,24.200001,4,0.45,0.098,288.3,11,16,24,33,41,10,10,10,10,10,43.4,217,4.5
2013-07-29,20,30.1,23.299999,3,20,30.1,23.200001,3,0.73,0.215,300.1,67,68,74,102,107,10,9,8,9,9,33.6,168,9.8
2013-07-30,70,30,24.1,4,80,30,24.1,4,0.52,0.136,298.3,58,56,59,60,85,6,10,10,10,10,27.8,139,6.3
2013-07-31,20,30.299999,23.1,3,20,30.299999,23.200001,3,1.12,0.188,307.9,30,46,49,58,66,10,10,9,6,6,56.8,284,8.7
2013-08-01,20,30.299999,24.200001,3,20,30.299999,24.200001,3,1.1,0.184,301.5,57,48,65,66,68,6,7,6,4,7,95.6,478,8.6
2013-08-02,20,31.200001,24.1,3,20,31.200001,25.200001,3,1.13,0.201,292.3,27,24,32,27,22,5,7,8,7,4,44.6,223,9.3
2013-08-03,29,30.1,25.1,4,30,30.1,25.1,4,1.03,0.235,284.1,16,15,13,22,11,10,10,10,8,8,36.6,183,10.8
2013-08-04,20,31.1,25.200001,3,20,31.1,25.200001,3,0.74,0.145,309.1,68,57,73,86,75,10,10,10,8,9,31.6,158,6.8
2013-08-05,20,32,25.299999,3,20,32,25.299999,3,0.94,0.198,310.6,31,11,20,25,30,8,3,8,7,7,71.4,357,9.2
2013-08-06,20,32.799999,26.200001,3,20,32.799999,26.200001,3,0.98,0.176,308.2,30,32,39,37,48,8,4,5,7,8,26.6,133,8.3
2013-08-07,20,33.700001,26.299999,3,10,33.700001,26.200001,2,1.05,0.164,301.3,71,58,66,57,68,4,3,6,2,5,36.2,181,7.7
2013-08-08,10,32.900002,26.299999,2,10,32.900002,26.299999,2,1.16,0.184,301.1,36,39,45,38,35,4,3,1,1,0,34.6,173,8.6
2013-08-09,20,32,26.200001,3,30,32,26.200001,4,1,0.152,301,51,49,51,46,51,7,4,4,5,3,29.8,149,7.1
2013-08-10,10,32.900002,25.200001,2,20,32.900002,24.299999,3,0.46,0.124,305.3,73,4.78352504,14,20,13,5,9,10,10,8,70,350,5.9
2013-08-11,10,33,25.4,2,10,33,25.4,2,1.03,0.15,305.9,40,33,35,38,68,6,4,3,6,6,44.8,224,7.1
2013-08-13,10,33,24.4,2,10,33,24.4,2,1.18,0.204,302.3,18,17,12,14,12,2,2,3,2,2,34.6,173,9.5
2013-08-15,10,31.9,24.299999,2,10,31.9,24.299999,2,1.31,0.208,300.7,21,26,20,21,22,7,7,5,5,4,71.4,357,9.7
2013-08-16,10,32,24.299999,2,20,32,24.5,3,1.33,0.203,302.1,16,23,14,16,16,6,6,5,5,5,43.6,218,9.5
2013-08-17,10,32.099998,25.200001,2,10,32.099998,25.200001,2,1.09,0.19,297.3,36,44,53,41,38,6,5,7,7,6,52.4,262,8.9
2013-08-18,20,32.400002,25.200001,3,20,32.400002,25.200001,3,1.2,0.189,295.1,30,24,27,32,29,3,6,8,8,3,57,285,8.9
2013-08-19,10,33.5,23.200001,2,10,33.5,23.1,2,1.08,0.157,300.4,29,45,26,30,29,3,6,6,6,3,41.8,209,7.5
2013-08-20,10,33.299999,23.299999,2,10,33.299999,22.4,2,0.9,0.167,303.8,46,32,31,38,36,5,3,4,6,3,17.8,89,8.3
2013-08-21,10,33.200001,23.1,2,20,33.200001,23.1,3,1.25,0.173,296.7,44,41,44,40,43,3,4,2,2,2,31.8,159,8.2
2013-08-22,60,29.299999,25.1,4,70,29.299999,25.1,4,1.16,0.193,288.7,36,33,37,34,27,8,8,7,4,3,53.8,269,9.1
2013-08-23,20,30.299999,22,3,20,30.299999,22,3,0.25,0.126,271.6,8,9,12,16,5,10,10,10,10,10,56.8,284,5.7
2013-08-24,10,31.4,21.1,2,10,31.4,20.299999,2,1.02,0.173,296.5,15,12,34,80,25,10,10,8,6,6,32.8,164,8.2
2013-08-25,10,31.299999,21.200001,2,10,31.299999,21.200001,2,1.19,0.159,307.4,45,49,74,54,53,2,3,1,3,3,27.6,138,7.9
2013-08-26,0,30.200001,20.200001,1,0,30.200001,20.200001,1,1.14,0.156,316.4,45,51,32,31,27,3,1,2,0,0,33.4,167,7.5
2013-08-27,20,29.9,20.200001,3,20,29.9,20.200001,3,0.92,0.141,305,56,56,49,56,59,6,7,8,6,8,49.2,246,6.8
2013-08-28,20,27.1,23.4,3,20,27.1,23.299999,3,1.12,0.156,301.5,76,63,47,78,75,3,3,3,3,3,42,210,7.4
2013-08-29,30,28.299999,22.1,4,20,28.299999,22.1,3,0.13,0.02,4.502746312,35,35,36,37,55,10,10,10,10,10,43,215,0.9
2013-08-30,10,28.200001,19.299999,2,20,28.200001,19.299999,3,1.09,0.146,302.8,50,41,45,56,43,3,3,2,2,4,33,165,6.9
2013-08-31,20,28.200001,17,3,10,28.200001,17,2,1.16,0.173,309.1,33,30,32,34,38,8,8,7,6,4,41.4,207,8.2
2013-09-01,10,28.299999,16.299999,2,10,28.299999,16.200001,2,1.16,0.17,320.3,23,22,21,26,20,7,8,8,8,8,41.8,209,8.1
2013-09-02,10,27.200001,16.200001,2,10,27.200001,16.200001,2,0.92,0.124,316.2,30,27,23,27,32,4,6,6,8,8,35,175,5.9
2013-09-03,0,27.200001,15.3,1,0,27.200001,15.2,1,1.23,0.182,316.9,24,76,18,25,30,7,7,7,7,6,55.8,279,8.5
2013-09-04,10,25.299999,16.299999,2,20,25.299999,16.299999,3,1.16,0.173,315.9,22,19,20,22,27,0,0,0,0,0,15,75,8.2
2013-09-05,30,24.1,18.299999,4,30,24.1,18.299999,4,0.58,0.084,293.3,23,24,31,30,39,9,9,9,9,9,70.2,351,4
2013-09-06,30,26.299999,17.1,4,30,26.299999,17.1,4,0.45,0.102,293.5,20,15,19,18,16,10,10,10,10,10,50.8,254,4.6
2013-09-07,10,27.200001,15.2,2,10,27.200001,15.2,2,1.06,0.174,304,14,8,23,22,24,6,6,6,7,6,31.2,156,8.2
2013-09-08,10,26.1,15.4,2,20,26.1,15.4,3,0.96,0.155,308.5,33,42,48,56,60,3,3,3,3,2,26.4,132,7.3
2013-09-09,20,25.1,19.299999,3,30,25.1,19.299999,4,0.7,0.127,297.9,41,44,56,62,83,8,7,8,7,7,16.6,83,6
2013-09-10,70,24.1,19.299999,4,90,24.1,18.299999,4,0.39,0.104,4.477601948,99,89,79,90,98,7,10,8,9,10,46.4,232,4.9
2013-09-11,30,26.299999,19.299999,4,30,26.299999,19.299999,4,0.84,0.183,301.1,39,44,43,24,22,10,10,10,8,4,22.27542171,111.3771085,8.6
2013-09-12,60,26.1,21.200001,4,80,26.1,21.200001,4,0.55,0.121,289.3,62,60,64,70,64,10,10,10,10,10,24.8,124,5.7
2013-09-13,60,26.200001,21.1,4,70,29.299999,21.1,4,0.31,0.069,297.2,25,21,30,29,31,10,10,10,10,8,45,225,3.3
2013-09-14,20,28.299999,19.200001,3,10,28.299999,18.200001,2,0.54,0.135,302.4,13,4.519509221,13,4.519509221,11,10,10,10,10,8,68.2,341,6.3
2013-09-15,0,27.299999,15.2,1,0,27.299999,15.2,1,0.95,0.152,297.4,25,25,32,24,24,2,6,2,3,2,47.4,237,7.2
2013-09-16,0,28.4,13.2,1,0,28.4,12.1,1,1.15,0.176,290,25,34,37,28,25,0,0,0,0,0,23.8,119,8.2
2013-09-17,0,30.4,15.3,1,0,30.4,15.3,1,0.96,0.145,295.2,27,27,31,29,27,1,1,1,1,2,96.2,481,6.9
2013-09-18,0,29.1,17.299999,1,0,29.1,18.4,1,0.87,0.134,297.4,56,39,31,29,44,0,0,0,0,0,84,420,6.4
2013-09-19,0,28.200001,17.5,1,0,28.200001,17.4,1,0.79,0.128,298,49,52,57,51,56,1,1,0,0,0,29.4,147,6.2
2013-09-20,20,28.299999,18.299999,3,10,28.299999,18.299999,2,0.89,0.148,290.8,51,66,54,54,65,3,4,5,5,5,15.56066299,77.80331496,7.1
2013-09-21,30,28.200001,19.299999,4,30,28.200001,19.299999,4,0.93,0.144,286.7,47,41,47,47,46,0,2,3,2,3,88.6,443,6.8
2013-09-22,20,28.299999,19.4,3,10,28.299999,19.4,2,0.85,0.131,288,43,52,51,58,47,7,7,7,6,3,40.4,202,6.2
2013-09-23,20,25,20.299999,3,20,25,20.299999,3,0.96,0.149,284,25,24,65,28,31,4,3,3,2,3,76.6,383,7
2013-09-24,60,24.1,18.299999,4,30,24.1,18.299999,4,0.26,0.071,4.523699948,34,37,21,4.523699948,13,10,10,10,10,10,25.6,128,3.3
2013-09-25,10,22.200001,12.1,2,10,22.200001,12.1,2,0.98,0.163,293,39,19,26,19,19,6,6,5,3,3,36.4,182,7.7
2013-09-26,0,23.1,9.4,1,0,23.1,9.3,1,0.87,0.149,309.9,40,26,21,19,26,0,0,0,0,0,45.2,226,7.1
2013-09-27,20,21.200001,14.1,3,20,21.200001,14.2,3,0.86,0.14,308.4,25,18,22,26,21,2,2,0,1,2,52.4,262,6.7
2013-09-28,80,22.299999,17.200001,4,80,22.299999,17.200001,4,0.38,0.091,294.7,41,31,37,30,41,10,10,10,10,10,22.6,113,4.2
2013-09-29,60,24.299999,17.299999,4,60,24.299999,17.299999,4,0.2,0.069,4.44407613,16,13,12,11,14,10,10,10,10,10,39.2,196,3.3
2013-09-30,10,25.1,16.200001,2,10,25.1,16.4,2,0.55,0.107,307.1,22,17,36,35,30,9,7,9,7,7,39.4,197,5.2
2014-05-01,0,20.5,9.2,1,0,20.5,9,1,1.2,0.148,346.1,52,52,45,53,45,0,0,0,0,0,49,245,7.1
2014-05-02,20,19,8.2,3,10,19,8.2,2,0.87,0.119,334,64,70,68,68,73,5,3,3,6,5,89.2,446,5.8
2014-05-03,10,17.700001,8.2,2,20,17.700001,8.2,3,1.33,0.17,360.2,28,27,19,23,26,0,0,0,0,0,19.2,96,8.1
2014-05-04,20,16.1,7.2,3,10,16.1,7.2,2,0.88,0.142,351.5,33,32,32,38,38,8,8,8,8,8,47.6,238,6.4
2014-05-05,0,19.799999,5.4,1,0,19.799999,5.4,1,1.3,0.169,367.7,24,22,24,20,20,0,0,0,0,0,52.2,261,8.1
2014-05-06,0,20.799999,8.5,1,0,20.799999,6.2,1,1.29,0.15,396.9,24,21,27,25,24,0,0,0,0,0,57.8,289,7.3
2014-05-07,60,18,11.3,4,70,18,11.3,4,1.15,0.152,398.2,47,48,50,53,58,1,5,2,2,1,117.6,588,7.4
2014-05-08,0,22.299999,7,1,0,22.299999,7,1,0.73,0.131,423.6,45,43,39,39,47,9,9,7,5,5,38,190,6.5
2014-05-09,0,26.1,9.2,1,0,26.1,9.2,1,1.21,0.141,374.7,44,43,41,39,44,0,0,0,0,0,34.4,172,6.8
2014-05-10,10,23.1,14.1,2,10,23.1,13.4,2,1.25,0.132,358.6,32,37,41,23,41,0,0,0,0,0,182.2,911,6.5
2014-05-11,90,19.9,13.1,4,80,19.9,13.2,4,0.44,0.092,323.6,29,20,30,92,55,10,10,10,10,10,75.8,379,4.4
2014-05-12,0,24.799999,13.4,1,0,24.799999,13.4,1,1.25,0.177,320.6,47,48,53,62,58,4,4,7,6,0,34.2,171,8.4
2014-05-14,20,22.1,13,3,30,22.1,13,4,1.18,0.18,310.5,73,85,77,73,78,7,7,6,3,0,26,130,8.6
2014-05-15,0,25.6,11.3,1,0,25.6,11.3,1,1.34,0.191,331,47,67,61,48,48,1,0,0,0,0,17.4,87,9
2014-05-16,10,25.4,12.3,2,10,25.4,12.3,2,1.18,0.148,321.9,49,48,46,45,40,0,0,0,0,0,21.4,107,7.1
2014-05-17,0,25.200001,11.2,1,0,25.200001,11.2,1,0.99,0.114,323.3,68,65,70,79,73,3,7,7,7,3,24.6,123,5.5
2014-05-18,0,24.9,11.3,1,0,24.9,11.3,1,1.17,0.15,335.7,41,33,32,36,26,3,4,5,5,5,30.6,153,7.2
2014-05-19,20,25.299999,13.1,3,20,25.299999,13.1,3,1.15,0.155,347.2,52,50,51,51,44,0,0,0,3,7,53.8,269,7.5
2014-05-20,0,25.200001,14.2,1,10,25.200001,14.2,2,0.84,0.109,348.6,58,61,54,60,59,10,10,10,10,10,24.8,124,5.4
2014-05-22,0,24.9,14.2,1,0,24.9,14.2,1,1.11,0.251,357.1,59,67,56,60,53,0,0,8,0,0,24.4,122,11.1
2014-05-23,0,24.799999,14.1,1,10,24.799999,14.1,2,0.66,0.089,335.8,38,30,26,24,26,10,9,9,9,4,17.2,86,4.4
2014-05-24,30,22,17,4,30,22,17,4,0.91,0.144,304.8,50,55,59,58,55,6,6,6,6,7,65.4,327,6.9
2014-05-25,90,24,17.1,4,70,24,17.1,4,0.49,0.087,305.9,52,59,28,35,34,10,10,10,10,10,19.6,98,4
2014-05-26,0,26.6,16,1,10,26.6,15.1,2,1.43,0.183,331,111,170,199,187,161,8,3,0,0,0,68.50714647,342.5357323,8.7
2014-05-27,0,24.9,18,1,10,24.9,18,2,1.27,0.134,368.4,207,216,217,220,216,4,4,2,0,0,19.8,99,6.6
2014-05-28,0,27.5,15.2,1,0,27.5,15.2,1,0.97,0.129,379.1,123,130,128,132,124,5,0,0,0,0,32.2,161,6.4
2014-05-29,0,28.5,16.200001,1,0,28.5,16.200001,1,1.39,0.145,371.4,145,175,202,176,160,0,0,0,0,0,39.8,199,7.2
2014-05-30,0,29.4,17.200001,1,0,29.4,17.200001,1,1.28,0.122,378,51,67,65,74,74,0,0,0,0,0,17.4,87,6.1
2014-05-31,10,29,17.200001,2,10,29,17.200001,2,1.23,0.136,340.7,100,96,101,97,99,0,0,0,0,0,7.2,36,6.7
2014-06-01,30,23.200001,19.200001,4,30,23.200001,19.200001,4,0.71,0.116,317.9,59,54,61,65,72,8,8,8,8,8,33.4,167,5.6
2014-06-02,80,24.200001,18.1,4,80,24.200001,18.1,4,0.33,0.059,4.708091949,70,64,45,44,58,10,10,10,10,10,31,155,2.8
2014-06-03,60,26.299999,18.1,4,60,26.299999,18.1,4,0.82,0.167,345.9,8,8,6,10,13,10,10,8,9,9,17.6,88,8.1
2014-06-04,30,25.200001,18.200001,4,30,25.200001,19.200001,4,1.28,0.166,348.9,10,15,14,16,14,9,6,2,2,4,16.8,84,8.1
2014-06-05,20,28.5,17.4,3,20,28.5,17.4,3,0.84,0.169,314.5,295,32,28,22,19,8,8,7,8,6,31.8,159,8.2
2014-06-06,10,25.700001,17.1,2,10,25.700001,17.1,2,1.45,0.174,318.1,20,26,35,30,35,0,0,0,2,3,17.6,88,8.4
2014-06-07,30,24.700001,17,4,30,24.700001,17,4,1.29,0.167,316.3,35,28,17,21,22,6,6,6,7,7,25,125,8.1
2014-06-08,20,26.200001,16.299999,3,20,26.200001,16.299999,3,0.99,0.121,347.8,21,23,28,23,28,10,9,6,6,5,39.8,199,6
2014-06-09,20,26.6,16.200001,3,20,26.6,16.200001,2,1.15,0.149,356.6,40,49,53,43,45,6,4,6,7,6,73,365,7.3
2014-06-10,20,26.299999,17.299999,3,61,26.299999,17.299999,4,1.23,0.131,363.4,45,45,43,48,52,6,6,6,6,6,17.4,87,6.5
2014-06-11,20,25.200001,16.1,3,20,25.200001,16.1,3,1.21,0.143,367,26,37,25,31,27,5,6,5,8,10,21,105,7.1
2014-06-12,20,24.799999,15.1,3,20,24.799999,15.1,3,1.27,0.131,377.2,32,41,36,27,26,6,6,3,4,5,78.4,392,6.6
2014-06-13,10,26.6,16.1,2,10,26.6,16.1,2,1.07,0.137,347.3,46,48,48,49,46,6,6,7,8,8,40.2,201,6.7
2014-06-14,0,26.700001,16,1,10,26.700001,16,2,1.32,0.167,344.8,26,28,28,33,34,6,6,5,4,3,84,420,8.2
2014-06-15,10,26.799999,17.1,2,10,26.799999,17.1,3,1.19,0.163,332.9,26,34,31,36,31,7,7,5,5,5,76,380,8
2014-06-16,20,25.700001,18,3,20,25.700001,18,3,1.2,0.146,324.6,42,44,47,45,53,6,6,7,8,8,149.8,749,7.1
2014-06-17,20,27.200001,17.1,3,60,27.200001,17.1,4,0.7,0.102,320.1,99,97,107,80,81,10,10,10,9,9,151,755,5
2014-06-18,10,25.9,17,2,10,25.9,17,2,1.3,0.151,348.5,61,81,74,50,30,0,0,0,0,0,159.6,798,7.4
2014-06-20,30,25.1,18.700001,4,30,25.1,18.9,4,1.05,0.137,335.3,61,4.804478676,4.804478676,4.804478676,4.804478676,5,6,7,8,8,41.2,206,7
2014-06-21,30,27.4,19.1,4,20,27.299999,19.1,3,0.88,0.13,327.1,4.779334313,4.779334313,4.779334313,4.779334313,4.779334313,9,9,9,9,9,46,230,6.3
2014-06-22,19,25,18,3,20,25,18,3,1.35,0.164,332,4.804478676,4.804478676,4.804478676,4.804478676,4.804478676,5,4,6,6,7,31.2,156,7.9
2014-06-23,20,27,18,3,20,27,18,3,1.32,0.157,366.2,4.754189949,39,30,30,37,9,7,6,7,7,37,185,7.7
2014-06-24,10,26.799999,17.1,2,30,26.799999,17.1,2,1.33,0.16,354.1,41,41,43,40,40,6,4,4,5,5,49.4,247,7.8
2014-06-25,20,26.799999,18,3,20,26.799999,18,3,1.24,0.17,331,47,40,46,42,35,5,5,5,6,6,91,455,8.3
2014-06-26,20,28.299999,18,3,20,28.299999,17.9,3,1.28,0.17,4.800287949,36,34,38,36,31,6,6,3,1,0,25.8,129,8.3
2014-06-27,20,26.9,18.1,3,20,26.9,18.1,3,1.48,0.169,328.8,37,22,23,24,27,0,2,2,0,0,18.8,94,8.2
2014-06-28,10,27,18.1,2,10,27,18.1,2,1.28,0.154,352.5,37,37,35,30,25,3,3,6,5,3,39.2,196,7.6
2014-06-29,20,27.799999,17.9,3,20,27.799999,17.9,3,1.44,0.168,340,28,31,18,26,32,3,6,7,6,4,48.4,242,8.2
2014-06-30,10,29.200001,18.1,2,10,29.200001,18.1,2,1.37,0.16,338.3,25,23,26,27,18,7,7,6,6,6,31.4,157,7.8
2014-07-01,20,27.700001,20,3,20,27.700001,20,3,1.37,0.163,336,24,34,38,44,42,4,5,1,3,3,25.4,127,7.9
2014-07-02,61,26.299999,19.1,4,80,26.299999,19.200001,4,0.52,0.083,321.7,32,35,31,35,30,10,10,10,10,10,25.2,126,4
2014-07-03,30,29.4,20.200001,4,30,29.4,20.200001,4,0.46,0.074,4.842195222,40,38,30,30,31,10,10,10,10,10,26.2,131,3.2
2014-07-04,20,30.1,20,3,20,30.1,20,3,1.44,0.184,324.8,20,4.812860131,4.812860131,24,29,5,6,7,8,4,41.2,206,8.9
2014-07-05,20,29.299999,20.1,3,30,29.299999,20.1,4,0.81,0.098,312.5,16,19,15,12,23,8,8,8,8,8,33.2,166,4.7
2014-07-06,20,29.1,20.1,3,20,29.1,20.1,3,0.8,0.139,308.5,34,31,20,21,26,10,10,10,10,10,62.8,314,6.6
2014-07-07,20,30.1,22.200001,3,20,30.1,22.200001,3,1.41,0.192,315.7,8,14,12,17,14,4,4,6,6,8,39.8,199,9.2
2014-07-08,30,31.200001,24.4,3,60,31.200001,24.4,4,1.23,0.212,306.6,26,24,21,17,19,8,8,4,7,3,58.2,291,9.8
2014-07-09,30,32.299999,24.299999,4,20,32.299999,24.299999,3,0.94,0.181,281.1,20,25,28,15,14,7,10,10,10,10,99,495,8.6
2014-07-10,20,30.9,21.200001,3,10,30.9,21.200001,2,1.29,0.219,296.2,58,38,32,32,36,8,4,6,9,7,54.6,273,10.1
2014-07-11,10,28.9,21.1,2,10,28.9,21.1,2,1.34,0.168,315.6,53,53,51,51,51,5,7,5,3,0,32.2,161,8.1
2014-07-12,30,30,21.1,4,30,30,21.200001,4,0.68,0.145,305.7,68,85,78,75,69,8,9,9,9,10,35.8,179,7
2014-07-13,10,28.799999,20.1,2,20,28.799999,20.200001,3,0.58,0.09,312,31,28,32,41,41,10,10,10,10,10,56,280,4.3
2014-07-14,10,29,21.1,2,20,29,21.1,3,1.1,0.159,319.3,76,70,53,58,69,7,6,6,2,2,54.4,272,7.6
2014-07-15,20,29.799999,21.1,3,20,29.799999,21,3,0.87,0.131,312,77,94,91,78,69,10,10,10,10,10,39,195,6.2
2014-07-16,20,28,22.1,3,30,28,22.1,4,1.21,0.163,320.9,18,15,17,6,15,4,7,8,7,6,37.2,186,7.9
2014-07-17,80,27,22.200001,4,80,27,22.200001,4,0.59,0.082,315,11,6,15,23,90,10,10,10,10,10,24,120,3.9
2014-07-18,20,29.1,22.1,3,30,29.1,22.1,4,0.93,0.173,317.2,8,12,4.854767404,9,15,10,10,9,7,10,83.6,418,8.3
2014-07-19,20,31.299999,22.1,3,20,31.299999,22.200001,3,0.9,0.142,310.1,11,25,4.825432313,7,8,10,10,8,9,9,25.2,126,6.9
2014-07-20,10,30.799999,22,2,10,30.799999,22,2,1.06,0.161,305.8,17,15,8,5,9,9,8,8,6,7,32.4,162,7.7
2014-07-21,10,28.9,22.200001,2,10,28.9,22.200001,2,1.18,0.176,301.5,33,27,23,28,24,7,7,7,6,3,42.8,214,8.3
2014-07-22,60,27,23.1,4,80,27,23.1,4,0.73,0.161,285.9,19,18,20,26,16,10,10,10,10,10,71.4,357,7.6
2014-07-23,70,27.200001,23.1,4,70,27.200001,23.1,4,0.35,0.103,4.821241586,15,15,21,10,15,10,10,10,10,10,53,265,5
2014-07-24,70,28.1,23.1,4,70,28.1,23.1,4,0.65,0.205,277.7,12,12,11,16,14,10,9,9,9,8,35.4,177,9.6
2014-07-25,60,27.1,23.1,4,60,27.1,24.1,4,1.31,0.215,4.854767404,16,18,20,16,18,8,7,6,8,5,15,75,10
2014-07-26,10,30.200001,21.1,2,10,30.200001,20.1,2,1.07,0.184,4.817050858,26,35,28,36,31,10,9,9,6,8,34.8,174,8.8
2014-07-27,10,29.1,20.1,2,10,29.1,20.1,2,1.25,0.153,4.821241586,75,70,73,74,74,3,2,3,3,3,36.2,181,7.4
2014-07-28,20,30.1,20.4,3,20,30.1,20.299999,3,0.9,0.135,333.7,68,60,69,79,72,8,8,8,8,9,47,235,6.6
2014-07-29,20,29.1,21.1,3,20,29.1,21.200001,3,1.05,0.186,309.2,24,16,8,8,19,10,10,9,9,8,41.8,209,8.9
2014-07-30,20,32.099998,23.200001,3,20,32.099998,23.299999,3,1.45,0.199,296.9,23,12,21,17,21,7,3,3,1,1,20.6,103,9.4
2014-07-31,20,32.200001,24.4,3,20,32.200001,24.4,3,1.3,0.199,290.1,37,30,22,26,28,3,6,6,3,3,27.4,137,9.3
2014-08-01,30,31.200001,24.200001,4,30,31.200001,24.200001,4,1.06,0.229,269.6,15,17,15,14,12,8,9,8,9,8,42.8,214,10.7
2014-08-02,90,29.200001,24.200001,4,90,29.200001,24.200001,4,0.72,0.14,266,17,15,11,22,52,9,8,10,10,10,56.6,283,6.5
2014-08-03,60,29.200001,24.1,4,60,29.200001,24.1,4,0.48,0.051,4.846385949,7,7,6,11,8,10,10,10,10,10,58.2,291,2.6
2014-08-04,30,30,24.200001,4,20,30,24.200001,3,0.6,0.094,281.2,13,4.838004495,7,7,10,10,10,10,10,10,49.6,248,4.5
2014-08-05,20,29.299999,23.1,3,20,29.299999,23.1,3,0.76,0.127,295.4,41,33,33,40,46,8,6,7,5,5,36.2,181,6.2
2014-08-06,30,27.299999,21.200001,4,60,27.299999,20.1,4,0.32,0.055,4.812860131,40,43,36,33,28,10,10,10,10,10,48.2,241,4.1
2014-08-07,30,29.1,21.1,4,20,29.1,20.200001,3,0.41,0.055,4.821241586,11,10,11,10,16,10,10,10,10,10,33.8,169,4.2
2014-08-10,61,28.1,19.1,4,10,28.1,19.1,2,0.53,0.125,317.3,18,12,14,16,17,8,8,9,9,8,54.6,273,5.6
2014-08-12,20,26.299999,20.1,3,20,26.299999,20.1,3,1.11,0.197,306.1,42,43,44,57,48,5,3,3,2,3,41.2,206,9
2014-08-15,10,28.4,20.1,2,10,28.4,20.1,2,0.92,0.192,306.7,30,31,40,54,35,5,8,8,8,8,30.6,153,8.2
2014-08-16,30,26.200001,20.200001,4,30,26.200001,20.1,4,1.12,0.21,307.3,23,26,26,24,23,6,5,3,4,6,41,205,9.7
2014-08-22,10,28,20.1,2,20,28,21.1,3,1.08,0.178,311.6,65,71,72,73,68,8,9,7,6,5,63,315,8.3
2014-08-23,20,27,21.1,3,20,27,20,3,1.11,0.198,308.7,51,49,47,61,52,7,7,7,6,7,45.6,228,9.2
2014-08-24,70,27.200001,21.200001,4,80,27.200001,21.200001,4,0.69,0.203,301.4,44,36,37,43,42,8,8,8,10,10,85.4,427,9.4
2014-08-25,30,28.200001,21.200001,4,20,28.200001,21.200001,3,0.61,0.186,295.6,16,15,14,10,10,10,10,10,10,10,100.8,504,8.2
2014-08-26,20,28.200001,21.200001,3,20,28.200001,21.200001,3,1.12,0.193,307.7,30,26,24,34,36,8,8,7,8,8,41.2,206,8.9
2014-08-27,20,28.1,20.1,3,20,28.1,20.1,3,0.79,0.219,299.7,9,9,11,11,14,8,8,8,8,8,26.6,133,9.5
2014-08-28,10,27.1,19.1,2,10,27.1,19.1,2,1.1,0.199,305.6,24,31,25,27,27,4,5,6,6,6,8.8,44,9.2
2014-08-29,10,29.299999,18.299999,2,60,29.299999,18.299999,3,1.05,0.198,310.8,20,11,22,28,27,4,6,6,4,3,12.8,64,9.3
2014-08-30,10,28.200001,18.200001,2,10,28.200001,18.200001,2,1.15,0.189,313,15,13,16,13,16,2,3,4,5,7,28.4,142,8.8
2014-08-31,20,29.200001,18.299999,3,10,29.200001,18.200001,2,0.84,0.171,295.9,7,11,10,12,17,7,7,8,9,9,49.4,247,7.9
2014-09-01,20,25.1,18.200001,3,20,25.1,18.200001,3,0.86,0.191,317.3,11,16,12,16,25,3,2,0,0,1,68.6,343,8.9
2014-09-02,80,24.1,20.4,4,80,24.1,19.299999,4,0.4,0.063,301.5,7,14,11,15,9,8,10,10,10,10,24.6,123,3
2014-09-05,20,29.299999,19,3,20,29.299999,19,3,1.06,0.184,301.8,16,28,19,18,19,3,4,3,3,3,34.6,173,8.6
2014-09-06,0,29.299999,18,1,10,29.200001,18,2,1.1,0.175,306,27,13,19,23,26,6,3,0,1,1,22,110,8.2
2014-09-07,20,29.200001,18,3,10,29.200001,18,2,0.79,0.182,294.3,23,34,26,26,27,0,2,0,2,3,24.2,121,8.5
2014-09-08,10,27.1,18.1,2,10,27.1,17.200001,2,1.12,0.171,300.3,38,37,42,36,32,0,0,0,0,0,51.2,256,8
2014-09-09,0,28.200001,15.9,1,0,28.200001,14.8,1,0.78,0.169,302.2,83,65,44,17,10,7,8,8,8,8,42.6,213,7.9
2014-09-10,0,27.4,14.3,1,0,27.4,14.3,1,1.16,0.168,313.6,15,23,17,18,24,0,0,0,0,0,42.2,211,7.9
2014-09-11,30,26.299999,17.200001,3,60,26.299999,17.200001,3,0.92,0.164,308.5,25,27,33,27,29,0,1,1,2,2,34.8,174,7.7
2014-09-12,20,27.1,16.1,3,20,27.1,16.1,3,0.47,0.078,295.7,36,46,39,44,45,8,8,8,7,8,45.2,226,3.7
2014-09-13,20,27.200001,16.299999,2,20,27.200001,16.299999,2,0.92,0.164,299.6,21,15,18,19,19,0,0,1,2,2,53.6,268,7.8
2014-09-14,20,26.200001,18.1,3,30,26.200001,18.1,4,0.94,0.149,285.3,7,12,16,15,15,6,7,7,7,6,77.2,386,7
2014-09-15,20,26.200001,15.9,3,10,26.200001,15.9,2,0.79,0.161,279.1,23,25,30,28,27,9,7,7,9,8,54.2,271,7.5
2014-09-16,20,24.200001,17.1,3,30,24.200001,17.1,4,1.01,0.186,285.3,21,25,24,33,35,3,2,3,6,5,45.6,228,8.6
2014-09-17,20,26.200001,15.3,3,20,26.200001,15.3,3,0.77,0.189,284.3,43,38,28,30,25,10,10,10,8,8,71,355,8.7
2014-09-18,10,27.299999,13.6,2,0,27.299999,13.5,1,0.79,0.167,283.6,12,13,14,15,17,7,7,8,8,8,33.6,168,7.6
2014-09-19,0,27.200001,13.4,1,0,27.200001,13.4,1,1.05,0.184,285.3,19,15,22,23,22,1,2,2,1,1,49.6,248,8.5
2014-09-20,10,27.200001,14.2,2,20,27.200001,14.2,3,0.99,0.173,299.4,14,22,19,21,23,0,0,0,1,1,58.4,292,8
2014-09-21,0,27.6,13.3,1,0,27.6,13.3,1,0.9,0.174,294.3,26,29,22,29,15,2,1,3,2,1,59,295,8.1
2014-09-24,20,26.4,15.2,3,20,26.4,14.3,3,0.54,0.145,279.3,7,8,11,5,11,10,10,10,10,8,28.8,144,6.8
2014-09-25,10,25.1,15.3,2,20,25.1,15.3,3,0.84,0.156,290.9,34,36,36,31,22,5,3,3,3,4,55.4,277,7.3
2014-09-26,20,25.200001,15.1,3,20,25.200001,15.2,3,0.69,0.144,292.4,30,32,26,23,22,8,8,8,7,8,41.6,208,6.7
2014-09-27,20,26.1,17.1,3,20,26.1,17.1,3,0.79,0.142,291.2,30,25,30,18,15,5,7,6,7,7,165.6,828,6.7
2014-09-28,30,22.200001,18.1,4,60,22.200001,18.1,4,0.67,0.139,288.8,17,21,19,22,21,7,8,8,6,6,215.2,1076,6.5
2015-05-01,20,22.4,12.1,2,20,22.4,12.1,2,0.96,0.214,311.1,25,26,22,22,25,0,0,0,0,0,32,160,9.9
2015-05-04,10,20.700001,6.3,1,10,20.700001,6.3,1,1.26,0.189,332.8,44,44,55,67,57,2,0,0,0,0,16.8,84,8.8
2015-05-06,10,20.200001,9.1,3,20,20.700001,8.2,2,0.91,0.176,370.3,41,36,45,39,43,8,8,8,8,9,33.2,166,8.4
2015-05-07,10,19.9,9.3,3,20,19.9,9.3,3,1.07,0.151,389.5,27,46,39,30,32,0,3,7,6,6,36.4,182,7.2
2015-05-08,30,23.1,10.2,4,30,23.1,10.2,4,0.67,0.105,369.1,25,23,24,25,27,7,10,10,10,10,43.2,216,5.1
2015-05-11,90,17.9,11.3,4,80,17.9,11.3,4,0.91,0.176,370.3,41,36,45,39,43,8,8,8,8,9,33.2,166,8.4
2015-05-12,20,22.700001,12.2,3,0,22.700001,12.2,1,1.07,0.151,389.5,27,46,39,30,32,0,3,7,6,6,36.4,182,7.2
2015-05-13,0,22.6,15.2,1,10,22.6,15.2,2,0.67,0.105,369.1,25,23,24,25,27,7,10,10,10,10,43.2,216,5.1
2015-05-14,20,22.1,15,3,30,22.1,15,4,1.17,0.175,347,39,43,44,48,45,2,3,0,0,0,24.6,123,8.2
2015-05-15,10,23.200001,11.1,2,10,23.200001,11.1,2,0.48,0.126,326.7,57,53,77,79,74,10,8,10,10,10,25.4,127,5.9
2015-05-18,20,21.700001,13.2,3,10,21.700001,13.2,2,0.87,0.214,334.4,39,31,32,27,26,10,9,9,10,9,29.8,149,10
2015-05-19,10,20.200001,10,2,10,20.200001,10,2,0.41,0.085,376.8,8,18,19,7,14,10,10,10,10,10,26,130,4
2015-05-20,0,22.9,10.1,1,0,22.9,10.1,1,1.42,0.175,415.3,23,18,24,29,20,0,0,0,0,0,27.6,138,8.4
2015-05-21,10,24.700001,12.2,2,10,24.700001,12.2,2,1.42,0.217,341.5,32,31,21,26,27,0,0,0,0,2,39.2,196,10.1
2015-06-01,20,25.700001,16.200001,3,20,25.700001,16.1,3,1.39,0.23,335.2,26,30,37,45,42,9,9,9,6,7,12,60,10.6
2015-06-02,20,25.4,16.1,3,20,25.4,16.1,3,1.11,0.223,328.7,31,39,34,30,41,9,10,9,10,10,34.2,171,10.3
2015-06-03,0,28.6,13.9,1,0,28.6,13.9,1,1.35,0.235,333.6,30,32,35,33,34,5,2,3,1,0,23.6,118,10.8
2015-06-04,30,25,16.1,4,30,25,16.1,4,1.23,0.23,325,41,39,35,27,41,0,5,7,6,6,20.6,103,10.6
2015-06-05,10,26.9,13.3,2,0,26.9,13.3,1,1.24,0.2,371.4,20,24,22,23,13,9,9,7,7,5,25.6,128,9.4
2015-06-08,20,26.9,16.1,3,20,26.5,16.200001,3,0.85,0.126,327.4,29,31,30,35,38,10,10,10,10,10,30,150,5.9
2015-06-09,10,29.4,15.3,2,10,29.4,15.1,2,0.99,0.23,350.3,49,36,16,17,11,8,8,7,5,5,27,135,10.7
2015-06-10,10,26.1,17,2,10,26.1,17,2,1.27,0.208,335.3,35,39,36,34,26,2,4,5,7,7,41.6,208,9.6
2015-06-11,60,28.700001,18.1,4,30,28.700001,18.1,4,0.54,0.141,316.1,39,33,36,24,16,10,10,10,10,10,27,135,6.4
2015-06-12,20,27.700001,19.1,3,60,27.700001,19.1,4,1,0.186,356.3,63,62,63,61,56,3,0,0,0,0,23.4,117,8.7
2015-06-15,20,28.4,17.1,3,20,28.4,17.1,3,1.04,0.196,341.8,35,48,43,31,32,6,8,8,7,7,19.8,99,9.2
2015-06-16,20,27.9,17.1,2,20,27.9,17.1,2,1.23,0.203,334.2,47,54,46,50,49,7,8,7,6,5,9.4,47,9.4
2015-06-17,20,28.4,18.299999,3,20,28.4,18.200001,3,0.82,0.175,330,26,30,36,38,53,8,10,10,9,9,23,115,8.1
2015-06-18,20,28.299999,18.1,3,30,28.299999,18.1,3,1.17,0.207,326.5,28,31,34,48,49,5,5,3,8,7,32,160,9.6
2015-06-19,20,23.1,18.1,3,20,23.1,18.1,4,1.27,0.187,363,23,40,47,46,51,3,3,5,5,6,15.2,76,8.8
2015-06-29,30,23.9,19.1,4,30,23.9,19.1,4,1.23,0.241,310.7,20,16,16,18,14,5,5,6,7,6,22.8,114,11.1
2015-06-30,30,26,18.299999,4,30,26,18.1,4,0.9,0.255,300.9,26,25,26,20,25,10,10,10,10,10,119.8,599,11.7
2015-07-01,10,25.9,18.4,2,10,25.9,18.200001,2,1.27,0.247,326.7,25,24,52,32,21,7,4,2,1,1,52.8,264,11.4
2015-07-02,10,26.200001,17.1,2,10,26.200001,17.1,2,1.17,0.181,351,25,32,22,15,13,5,6,8,8,8,19.6,98,8.5
2015-07-03,10,27.5,17.200001,2,10,27.5,16.299999,2,1.38,0.2,351.6,22,25,19,16,18,5,5,5,3,1,31,155,9.5
2015-07-06,20,25.299999,19.1,3,30,25.299999,19.1,4,1.27,0.204,326.6,24,18,17,15,19,6,7,7,6,7,72.6,363,9.5
2015-07-07,60,25.200001,19.299999,4,30,25.200001,19.200001,4,0.74,0.139,309.9,32,21,33,36,40,10,10,10,10,10,35.8,179,6.5
2015-07-08,30,26.4,20.799999,4,60,26,20.200001,4,0.88,0.199,308.3,15,10,8,9,7,10,10,10,10,10,30,150,9.3
2015-07-10,20,31.1,23.299999,3,10,31,23.200001,2,1.28,0.269,289,16,11,20,15,17,7,8,7,5,7,22.4,112,12.3
2016-05-01,10,22.9,15.2,2,10,23,15.2,2,0.98,0.184,354.2,38,32,40,34,32,3,3,4,4,2,20,100,8.7
2016-05-02,90,15.1,14,4,90,15.3,14,4,0.78,0.178,339.2,37,33,32,33,33,5,6,6,7,8,18.6,93,8.3
2016-05-04,0,24.6,9.4,1,0,24.6,9.4,1,1.29,0.188,368.6,58,51,51,43,42,0,0,0,0,0,32.4,162,8.8
2016-05-05,70,18.9,16,4,60,18.9,16,4,1.1,0.194,341.1,27,21,25,29,34,0,0,1,2,2,9.8,49,9
2016-05-12,20,22.200001,12.1,3,30,22.200001,12.1,4,1.25,0.214,324.5,107,84,77,60,61,0,0,2,3,5,45.2,226,9.8
2016-05-13,10,24.9,11.3,2,20,24.9,11.3,3,1.23,0.225,318.8,36,38,40,43,37,3,3,4,4,4,16.8,84,10.3
2016-05-14,20,22.799999,12.3,3,20,22.799999,12.3,3,1.05,0.196,320.6,54,58,55,57,52,6,6,7,6,6,27.6,138,9
2016-05-15,90,20.200001,11.2,4,80,20,10.2,4,0.38,0.164,330.7,31,23,14,18,17,10,10,10,10,10,22.2,111,7.7
2016-05-16,0,24.299999,10.7,1,0,23.9,10.3,1,1.29,0.204,338.3,37,34,35,35,34,5,5,3,3,2,52.8,264,9.4
2016-05-17,0,28.4,11,1,0,28.1,10.2,1,1.36,0.201,365.1,57,56,52,53,52,0,0,0,0,0,21,105,9.4
2016-05-18,10,29,14.1,2,0,28.799999,14.1,1,1.31,0.209,336.8,48,54,46,44,57,0,0,2,3,2,20.2,101,9.6
2016-05-19,0,30.4,13.2,1,0,30.4,13.2,1,1.24,0.194,345.5,32,39,39,40,42,1,1,0,0,0,22.4,112,9
2016-05-20,10,30,14.2,2,10,30,14.2,2,1.23,0.201,352.4,49,53,50,49,52,0,0,2,4,5,32.8,164,9.3
2016-05-21,0,29.700001,15.3,1,10,29.700001,15.3,2,1.26,0.227,328.4,26,45,41,44,42,4,4,3,6,7,42,210,10.4
2016-05-22,0,26.299999,14.1,1,0,26.299999,14.1,1,1.24,0.223,316.9,41,38,35,45,41,3,6,7,6,5,48,240,10.2
2016-05-23,30,20.700001,17.299999,4,60,20.9,17.1,4,1.13,0.229,310.3,54,51,51,43,49,7,8,8,8,7,51.2,256,10.4
2016-05-24,10,23.299999,14.8,2,10,23.700001,14.2,2,0.85,0.224,312.1,13,13,18,19,26,10,10,10,9,7,24.8,124,10.3
2016-05-26,20,26.299999,14.4,3,20,25.700001,14.3,3,0.73,0.16,313.5,60,63,64,43,48,8,9,9,9,10,17.4,87,7.3
2016-05-28,20,24,16.200001,3,30,24,16.200001,4,1.13,0.245,309.6,48,49,55,54,59,5,3,1,1,0,32.8,164,11.1
2016-05-29,2,26.1,14,1,0,26.1,14,1,0.94,0.232,323.3,31,39,47,40,44,10,8,8,2,2,16.4,82,10.5
2016-05-30,0,25,15.3,1,10,25,15.3,2,1.25,0.222,310.9,61,54,48,47,52,0,0,0,0,1,19,95,10.1
2016-05-31,20,28.6,14.9,3,20,28.9,14.4,3,1.01,0.168,323.9,44,33,34,42,40,4,5,5,6,7,53.6,268,7.7
2016-06-02,0,25.9,16.200001,1,10,25.4,16.299999,2,1.22,0.208,337.3,52,59,60,54,56,0,0,0,2,3,39.8,199,9.5
2016-06-03,20,23.299999,16.299999,3,30,23.200001,16.6,4,1.26,0.245,300,27,31,36,31,28,5,5,5,6,6,50.8,254,11.2
2016-06-05,10,22.9,17.1,2,20,22.9,17.1,3,1.25,0.217,295.3,55,51,41,42,49,0,0,0,0,0,39.8,199,9.9
2016-06-06,30,25,17.200001,4,30,25,17.200001,4,0.87,0.199,332.1,38,32,32,27,29,8,7,7,7,8,34.4,172,9.1
2016-06-11,30,25,19.1,4,60,25.1,19.1,4,0.96,0.198,317,35,35,40,41,39,9,9,9,7,7,25.8,129,9.2
2016-06-12,20,27.6,17.200001,3,10,27.6,17.200001,2,0.52,0.111,301.6,18,12,17,18,13,10,10,10,10,10,28.2,141,5.2
2016-06-13,10,26.700001,17.200001,2,10,26.700001,17.200001,2,1.25,0.221,329.1,35,31,40,32,32,7,8,7,5,4,29.6,148,10.1
2016-06-14,20,23.9,19.1,3,30,23.9,19.1,4,1.06,0.212,344,27,30,28,32,36,6,6,5,3,3,30,150,9.7
2016-06-15,60,23.9,18.1,4,60,23.9,18.1,4,0.43,0.141,331,22,34,38,36,36,4,6,10,10,10,29.2,146,6.5
2016-06-16,10,27.299999,17.799999,2,10,27.700001,17.299999,2,1.26,0.245,332.1,17,11,12,15,15,9,8,9,6,6,52.4,262,11.2
2016-06-17,0,26.6,18.1,1,10,26.799999,18,2,1.09,0.16,350,22,30,27,28,31,4,0,0,0,0,26.4,132,7.4
2016-06-18,29,26.799999,19.200001,3,30,26.5,19.200001,4,1.2,0.228,337.8,45,46,48,48,43,6,4,3,3,3,40,200,10.5
2016-06-19,10,28.4,19.1,2,10,28.4,19.200001,2,1.29,0.204,349.7,42,41,46,38,30,6,7,7,5,4,31.2,156,9.4
2016-06-20,20,29,19.200001,3,20,29,19.200001,3,0.86,0.163,316.8,33,28,35,48,36,7,9,9,9,9,45.2,226,7.5
2016-06-22,20,27.700001,20,3,10,27.700001,20,2,0.93,0.218,298.5,48,40,32,36,40,6,4,6,8,9,39.4,197,9.9
2016-06-23,20,25.299999,20.200001,3,60,25.299999,20.200001,4,1.05,0.222,309.7,31,39,33,40,43,5,6,7,6,7,32.8,164,10.1
2016-06-24,20,26.6,17.299999,3,10,27,17.200001,2,0.69,0.185,330.5,19,21,18,15,16,10,10,10,10,9,35,175,8.5
2016-06-25,10,27.700001,18.700001,2,0,28,18.299999,1,1.38,0.202,362.4,22,20,23,20,27,1,0,1,3,2,11.4,57,9.4
2016-07-03,91,25.299999,21.200001,4,90,25.200001,21.200001,4,0.48,0.067,318.2,24,28,23,25,20,10,10,10,10,10,40,200,3.1
2016-07-07,20,30.200001,21.200001,3,20,30.200001,21.200001,3,0.8,0.275,299.8,23,19,21,19,19,9,10,10,9,9,41.4,207,12.5
2016-07-08,10,31.299999,21.200001,2,10,31.299999,21.1,2,1.35,0.21,331.9,27,17,28,54,46,0,0,3,5,4,42.4,212,9.7
2016-07-10,20,29.1,21,3,20,29,21.200001,3,1.17,0.241,306.5,15,10,14,8,13,3,3,4,6,8,28.6,143,11
2016-07-11,30,28.299999,22.1,4,30,28.299999,22.200001,4,1.13,0.236,349.8,29,25,33,31,35,7,5,6,6,6,29,145,10.8
2016-07-12,30,30.299999,21.4,4,20,30.1,21.700001,3,0.95,0.22,337.4,18,17,24,22,21,8,8,7,8,9,32,160,10.1
2016-07-14,20,29,21.1,3,20,29,21.1,3,1.36,0.25,334.5,22,22,18,17,16,2,1,1,0,0,21,105,11.3
2016-07-15,60,26.1,21.200001,4,80,26.1,21.200001,4,0.66,0.149,284.6,14,10,14,18,13,10,10,10,10,10,23,115,6.7
2016-07-18,10,30.200001,20.200001,2,10,30.200001,20.1,2,1.32,0.235,357.4,14,10,16,11,12,5,5,8,7,8,93.2,466,10.8
2016-07-19,20,30,22.1,3,20,30,22.200001,3,1.29,0.219,347.6,41,37,26,41,44,2,2,3,2,5,20.6,103,10
2016-07-20,20,31.4,22.9,3,20,31.4,22.9,3,1.18,0.221,307.1,43,39,43,43,74,2,4,6,6,8,24.8,124,10.1
2016-07-21,20,31.1,23.200001,3,20,31,23.4,3,1.09,0.258,318.2,34,26,31,21,19,5,9,8,6,7,57.4,287,11.7
2016-07-22,20,28,23.1,3,20,28,23.1,3,1.08,0.246,287.9,27,27,24,29,33,5,5,7,3,3,35.8,179,11.1
2016-07-23,20,29.9,24.1,3,20,29.9,24.1,3,1.13,0.209,294.3,23,29,20,28,21,7,8,7,4,5,34.4,172,9.5
2016-07-24,20,30.1,24.200001,3,20,30.1,24.200001,3,1.01,0.206,297,23,24,24,22,22,9,7,4,6,8,27.2,136,9.4
2016-07-25,20,30,24.1,3,20,30,24.1,3,1.2,0.231,290.7,22,32,23,23,22,7,9,8,8,7,22.8,114,10.5
2016-07-26,20,29,24.6,3,20,28.9,24.299999,3,1.24,0.236,288.6,21,18,24,22,21,8,7,6,6,5,28.8,144,10.7
2016-07-27,60,30.1,24.1,4,60,30.1,24.1,4,0.56,0.12,300,23,21,21,13,21,10,10,10,10,10,34.4,172,5.6
2016-07-28,10,30.1,24.200001,2,20,30.1,24,3,1,0.221,300.9,46,37,37,36,46,8,6,4,6,3,24.8,124,10
2016-07-29,59,31.1,24.299999,4,60,31.200001,24.700001,4,0.31,0.089,307.5,3,3,7,12,15,10,10,10,10,10,193.4,967,4.2
2016-07-30,20,31.1,24.1,3,20,31.1,24.1,3,1,0.205,299.4,24,11,25,25,23,10,3,8,8,7,78.6,393,9.3
2016-07-31,20,33.299999,24.4,3,20,33.299999,24.4,3,1.23,0.214,302.4,9,22,28,21,24,2,3,3,4,4,34.2,171,9.8
2016-08-01,20,32.400002,24.200001,3,20,32.400002,24.200001,3,0.9,0.228,297.5,9,23,21,10,19,6,7,6,5,8,34.2,171,10.4
2016-08-02,20,31.4,24.200001,3,20,31.4,24.200001,3,0.63,0.127,298.9,17,23,20,19,25,9,9,9,10,10,21.4,107,5.8
2016-08-04,10,33.700001,23.5,2,10,34.299999,23.200001,2,1.14,0.194,307.5,39,34,31,46,37,2,1,5,4,5,21.6,108,8.9
2016-08-05,10,33.099998,24.1,2,10,33.099998,24.1,2,1.15,0.203,300.6,46,41,35,26,27,0,1,5,7,8,29.4,147,9.3
2016-08-06,20,32.200001,24.299999,3,10,32.200001,24.4,2,1.12,0.187,300.9,40,36,44,47,41,0,1,3,7,8,58.2,291,8.6
2016-08-07,20,33.400002,23.1,3,10,33.400002,23.1,2,1.21,0.203,300,32,38,40,35,34,0,1,2,7,7,51.8,259,9.3
2016-08-08,20,33.200001,24.1,3,20,33.200001,24.1,3,1.08,0.22,295.1,24,31,30,32,28,2,3,4,4,4,27.6,138,10.1
2016-08-09,20,33.200001,24.299999,3,20,33.200001,24.299999,3,1.12,0.201,294.8,34,44,42,36,33,3,3,2,3,8,35.4,177,9.2
2016-08-10,10,34.400002,24.200001,2,10,34.400002,24.200001,2,1.27,0.23,289.3,44,43,45,37,27,4,4,6,7,4,36.6,183,10.5
2016-08-11,10,34,23.700001,2,10,34.200001,23.200001,2,1.27,0.228,287.4,29,18,20,14,10,1,3,5,3,3,24.2,121,10.4
2016-08-12,10,33.299999,24.799999,2,10,33.200001,24.299999,2,1.14,0.229,286.8,30,29,28,24,17,6,5,4,4,1,39,195,10.4
2016-08-13,20,31.4,24.299999,3,20,31.6,24.700001,3,1.07,0.219,287.9,23,28,31,18,21,4,6,3,6,6,51,255,10
2016-08-14,20,32.299999,24.1,3,20,32.299999,24.4,3,1.03,0.22,286.8,34,28,32,26,27,9,8,9,9,10,35.6,178,10.1
2016-08-15,20,32.400002,23.299999,3,20,32.400002,23.299999,3,0.97,0.212,292.8,30,31,38,39,39,7,6,8,8,8,41,205,9.8
2016-08-16,10,33.299999,23.1,2,10,33.299999,23.1,2,1.22,0.206,300.7,27,29,32,27,38,0,0,0,0,0,48.8,244,9.5
2016-08-17,20,33.299999,23.200001,3,20,33.299999,23.299999,3,1.09,0.192,299.4,39,45,43,36,43,6,6,7,6,6,33.4,167,8.9
2016-08-18,20,33.099998,23.1,3,20,33.099998,23.1,3,0.9,0.162,295.9,44,49,55,51,51,6,7,9,6,7,49.8,249,7.6
2016-08-19,20,33,24.5,3,20,33.099998,24.200001,3,0.91,0.165,295.1,43,49,46,36,44,2,7,9,9,9,39.4,197,7.6
2016-08-21,20,34.299999,23.299999,3,10,34.200001,24.299999,2,0.73,0.153,294.1,23,17,23,26,31,7,8,7,7,6,26,130,7.1
2016-08-22,20,33.099998,23.200001,3,10,33.200001,23.700001,2,1.15,0.201,292,39,33,28,40,23,2,4,7,7,4,39.6,198,9.2
2016-08-23,10,33.200001,21.200001,2,10,33.200001,21.200001,2,1.02,0.204,285,43,37,22,18,26,4,4,4,7,4,49.2,246,9.3
2016-08-24,10,32.099998,23.200001,2,10,32.099998,23.200001,2,1.08,0.203,285,25,24,27,30,29,7,4,8,9,8,37,185,9.3
2016-08-25,30,29.1,22.4,4,30,29.1,22.4,4,1.08,0.198,289.7,34,26,43,20,57,1,2,2,5,6,57,285,9.1
2016-08-26,10,29.200001,18.200001,2,10,29.200001,18.200001,2,0.85,0.221,304.2,20,13,8,8,12,10,10,9,6,6,40,200,10.1
2016-08-27,30,25.299999,17.799999,4,61,25.200001,17.200001,4,0.96,0.213,310.1,12,17,12,11,21,7,8,8,8,8,36.6,183,9.8
2016-08-28,20,26.1,16.700001,3,20,26.200001,16.200001,3,0.8,0.173,334.3,14,16,14,13,18,8,8,7,6,6,56.6,283,8
2016-08-29,20,24.1,17.299999,3,20,24.200001,17.700001,3,1,0.187,330,11,13,11,14,21,0,0,2,3,2,26.6,133,8.9
2016-08-30,30,22.299999,17.4,4,29,22.299999,17.700001,4,0.87,0.198,321.3,32,39,37,42,47,8,8,9,9,9,15.2,76,9.1
2016-08-31,30,28,19.200001,4,60,28,19.200001,3,0.81,0.208,309.9,35,34,34,45,40,10,10,10,10,10,61.6,308,9.6
2016-09-01,10,26.299999,21.200001,2,20,26.299999,21.200001,3,0.87,0.133,316.9,72,51,45,49,60,9,9,9,8,6,56.4,282,6.2
2016-09-02,30,26.299999,20.299999,4,30,26.299999,20.299999,4,0.89,0.17,313.1,16,22,14,14,14,3,3,6,8,4,44.2,221,7.9
2016-09-03,10,28.4,19.200001,2,20,28.4,19.200001,3,1.06,0.183,306.4,9,11,9,13,10,2,4,2,3,4,19.6,98,8.4
2016-09-04,20,29.4,21.700001,3,20,29.4,21.200001,3,0.81,0.175,301.4,23,22,30,23,25,6,6,6,7,6,11.8,59,8.1
2016-09-05,10,28.1,19.1,2,10,28.1,19.1,2,0.87,0.157,307.5,37,36,33,33,31,9,8,7,8,3,32,160,7.3
2016-09-06,20,27.1,19.200001,3,20,27.1,19.200001,3,0.55,0.109,304.5,37,30,30,31,38,8,7,9,10,10,41.8,209,5.1
2016-09-07,30,27.200001,19,4,20,27.200001,19,3,0.69,0.186,295.4,46,44,45,44,42,10,7,7,6,8,90.8,454,8.5
2016-09-08,20,27.299999,19.1,3,20,27.299999,19.1,3,0.85,0.156,307.7,42,36,44,37,33,6,7,4,4,1,37.8,189,7.2
2016-09-09,10,27.4,17.200001,2,20,27.4,17.200001,3,0.96,0.169,307.7,44,44,34,32,32,4,4,3,2,3,25.6,128,7.8
2016-09-10,20,27.299999,18.299999,3,20,27.299999,18.299999,3,0.81,0.162,299.4,28,30,34,32,31,10,9,7,5,7,31.6,158,7.5
2016-09-11,20,27.4,19.200001,3,20,27.4,19.200001,3,0.75,0.167,294.3,31,25,31,30,30,6,7,7,6,8,44.2,221,7.7
2016-09-12,10,28.5,18.299999,2,10,28.299999,18.200001,2,0.82,0.161,293.5,42,34,34,36,40,4,3,1,7,8,199.8,999,7.4
2016-09-13,20,27.6,18.799999,3,20,27.4,18.1,3,0.78,0.167,292.8,43,41,33,19,26,3,3,5,8,7,170.8,854,7.7
2016-09-14,20,28.299999,17.200001,3,10,28.200001,17.700001,2,0.89,0.169,295.5,34,26,24,21,29,8,5,5,6,6,93.4,467,7.8
2016-09-15,20,26.200001,18.299999,3,20,26.200001,18.700001,3,0.8,0.162,289.9,26,34,38,33,31,8,3,6,8,6,68,340,7.5
2016-09-16,30,24.299999,19.1,4,80,24.299999,19.1,4,0.42,0.086,268.3,36,39,42,31,13,10,10,9,9,10,35.2,176,4
2016-09-17,20,26.200001,19.1,3,20,26.200001,19.1,3,0.44,0.119,279.3,8,6,4,6,12,10,10,10,10,10,33.6,168,5.4
2016-09-18,20,25.1,17.200001,3,20,25.1,17.200001,3,0.66,0.191,286.1,9,9,10,6,9,7,9,8,7,8,49,245,8.8
2016-09-19,10,25.1,15.3,2,10,25.1,15.3,2,0.94,0.185,289.4,11,14,15,14,12,0,2,2,3,4,27.2,136,8.5
2016-09-20,0,24.200001,13.3,1,10,24.200001,13.4,2,0.87,0.174,296.5,13,13,11,11,10,1,1,1,2,2,77.8,389,8
2016-09-21,20,24.1,15.2,3,20,24.1,15.2,3,0.7,0.161,294,35,28,29,28,30,8,8,8,8,9,38.8,194,7.4
2016-09-22,10,25.4,14.3,2,0,25.4,14.3,1,0.89,0.157,300.8,29,33,30,29,29,2,0,4,4,5,55.2,276,7.3
2016-09-23,10,27.4,14.4,2,0,27.4,14.4,1,0.86,0.154,300.1,30,32,31,30,30,1,3,3,4,5,20.6,103,7.1
2016-09-24,10,26.299999,17.200001,2,10,26.299999,17.200001,2,0.81,0.143,304.2,36,36,41,39,41,0,0,3,1,4,12.4,62,6.7
2016-09-25,20,26.1,18.299999,3,20,26.1,18.299999,3,0.63,0.142,290.2,37,29,38,33,36,8,10,10,7,7,26.4,132,6.6
2016-09-26,20,24.200001,20.299999,3,30,24.200001,20.299999,4,0.66,0.177,277.6,40,38,38,28,37,8,9,9,7,7,28.2,141,8.1
